{
  "version": 1,
  "degree": 2,
  "feature_names": [
    "TV",
    "Radio",
    "Newspaper"
  ],
  "poly_feature_names": [
    "TV",
    "Radio",
    "Newspaper",
    "TV^2",
    "TV Radio",
    "TV Newspaper",
    "Radio^2",
    "Radio Newspaper",
    "Newspaper^2"
  ],
  "poly_powers": [
    [
      1,
      0,
      0
    ],
    [
      0,
      1,
      0
    ],
    [
      0,
      0,
      1
    ],
    [
      2,
      0,
      0
    ],
    [
      1,
      1,
      0
    ],
    [
      1,
      0,
      1
    ],
    [
      0,
      2,
      0
    ],
    [
      0,
      1,
      1
    ],
    [
      0,
      0,
      2
    ]
  ],
  "scaler_mean": [
    150.01937500000003,
    22.875624999999992,
    29.945625,
    29587.815312500003,
    3498.6980000000003,
    4524.982875000002,
    741.1186875000002,
    801.1381874999998,
    1307.7268124999994
  ],
  "scaler_scale": [
    84.15463407982577,
    14.758877611775736,
    20.272798422008123,
    25428.44841167051,
    3310.987833393495,
    4671.202853355252,
    727.2944493739467,
    891.1071560879141,
    1582.3683191135415
  ],
  "coefficients": [
    6.4139711503719345,
    -0.47204546058596963,
    -0.038928748097951535,
    -2.690530138740056,
    1.3857798779786499,
    -0.11930976464945342,
    1.0532700817684182,
    0.14675777196402587,
    0.13492603462037334
  ],
  "intercept": 15.330625000000003,
  "metrics": {
    "r2": 0.9533,
    "mae": 0.9034,
    "rmse": 1.2011
  },
  "data_ranges": {
    "TV": {
      "min": 0.7,
      "max": 296.4
    },
    "Radio": {
      "min": 0.0,
      "max": 49.6
    },
    "Newspaper": {
      "min": 0.3,
      "max": 114.0
    },
    "Sales": {
      "min": 1.6,
      "max": 27.0
    }
  }
}